<?xml version="1.0" encoding="utf-8"?>
<!--

    Copyright (c) 2009, 2010, 2011, 2012, 2013, 2014, B3log Team

    Licensed under the Apache License, Version 2.0 (the "License");
    you may not use this file except in compliance with the License.
    You may obtain a copy of the License at

        http://www.apache.org/licenses/LICENSE-2.0

    Unless required by applicable law or agreed to in writing, software
    distributed under the License is distributed on an "AS IS" BASIS,
    WITHOUT WARRANTIES OR CONDITIONS OF ANY KIND, either express or implied.
    See the License for the specific language governing permissions and
    limitations under the License.

-->
<!--
    Description: Web deployment descriptor on GAE. See
                 http://code.google.com/intl/en/appengine/docs/java/config/appconfig.html
                 for more details.
    Version: 1.0.5.6, Oct 16, 2014
    Author: Liang Ding
-->
<appengine-web-app xmlns="http://appengine.google.com/ns/1.0">
    <application>solo-demo</application>
    <version>067</version>
    
    <sessions-enabled>true</sessions-enabled>
    
    <threadsafe>true</threadsafe>

    <system-properties>
        <property name="java.util.logging.config.file" value="WEB-INF/classes/logging.properties" />
    </system-properties>
    
    <static-files>
        <!-- Uses the STANDARD Ant Path Pattern to configure these paths!  -->
         
        <include path="/favicon.ico" />
        <include path="/favicon.png" />
        <include path="/robots.txt" />
        
        <include path="/js/**.js" />
        <include path="/js/**/*.js" />
        <include path="/js/**.css" />
        <include path="/js/**/*.css" />
        <include path="/js/**.htm" />
        <include path="/js/**/*.htm" />
        <include path="/js/**.html" />
        <include path="/js/**/*.html" />
        <include path="/js/**.gif" />
        <include path="/js/**/*.gif" />
        <include path="/js/**.png" />
        <include path="/js/**/*.png" />
        <include path="/js/**.jpg" />
        <include path="/js/**/*.jpg" />
        
        <include path="/skins/**.css" />
        <include path="/skins/**.css.map" />
        <include path="/skins/**/*.css" />
        <include path="/skins/**/*.css.map" />
        <include path="/skins/**.js" />
        <include path="/skins/**/*.js" />
        <include path="/skins/**.png" />
        <include path="/skins/**/*.png" />
        <include path="/skins/**.jpg" />
        <include path="/skins/**/*.jpg" />
        <include path="/skins/**.swf" />
        <include path="/skins/**/*.swf" />
        <include path="/skins/**.gif" />
        <include path="/skins/**/*.gif" />
        <include path="/skins/**/*.eot" />
        <include path="/skins/**/*.svg" />
        <include path="/skins/**/*.ttf" />
        <include path="/skins/**/*.woff" />

        <include path="/css/**.css" />
        <include path="/css/**/*.css" />
        
        <include path="/images/**.png" />
        <include path="/images/**/*.png" />
        <include path="/images/**.jpg" />
        <include path="/images/**/*.jpg" />
        <include path="/images/**.gif" />
        <include path="/images/**/*.gif" />
        
        <include path="/plugins/**.css" />
        <include path="/plugins/**/*.css" />
        <include path="/plugins/**.js" />
        <include path="/plugins/**/*.js" />
        <include path="/plugins/**.png" />
        <include path="/plugins/**/*.png" />
        <include path="/plugins/**.jpg" />
        <include path="/plugins/**/*.jpg" />
        <include path="/plugins/**.swf" />
        <include path="/plugins/**/*.swf" />
        <include path="/plugins/**.gif" />
        <include path="/plugins/**/*.gif" />
        <include path="/plugins/**.html" />
        <include path="/plugins/**/*.html" />
        <include path="/plugins/**.htm" />
        <include path="/plugins/**/*.htm" />
        
        <include path="/CHANGE_LOGS.html" />
        <include path="/README.txt" />
        <include path="/LICENSE.txt" />
        
    </static-files>
    
</appengine-web-app>

